기관명,기관유형,주무부처,임직원수,신규채용인원,직원평균보수,임원평균연봉,소재지,채용률,임원연봉_직원보수_비율
(사)남북교류협력지원협회,기타공공기관,통일부,40,12,60861,,서울특별시,0.3,
(재)예술경영지원센터,기타공공기관,문화체육관광부,73,4,48913,114338,서울특별시,0.0547945205479452,2.337578966736859
(재)우체국금융개발원,준정부기관(위탁집행형),과학기술정보통신부,851,40,57780,189767,서울특별시,0.0470035252643948,3.284302526825891
(재)우체국물류지원단,준정부기관(위탁집행형),과학기술정보통신부,1480.5,66,58397,188447,서울특별시,0.044579533941236,3.226997962224087
(재)우체국시설관리단,기타공공기관,과학기술정보통신부,2279,4,68208,198674,서울특별시,0.0017551557700745,2.912766830870279
(재)일제강제동원피해자지원재단,기타공공기관,행정안전부,52,5,54225,100729,서울특별시,0.0961538461538461,1.8576118026740436
(재)축산환경관리원,기타공공기관,농림축산식품부,48,4,68622,150068,세종특별자치시,0.0833333333333333,2.186878843519571
(재)한국보건의료정보원,기타공공기관,보건복지부,119,9,60513,203430,서울특별시,0.0756302521008403,3.3617569778394727
(재)한국우편사업진흥원,기타공공기관,과학기술정보통신부,504,14,60845,207581,서울특별시,0.0277777777777777,3.411636124578848
(재)한국통계정보원,기타공공기관,국가데이터처,170,0,57779,147200,대전광역시,0,2.547638415341214
(주)강원랜드,공기업(시장형),산업통상부,3689,191,81514,157376,강원도,0.0517755489292491,1.9306622175331845
(주)공영홈쇼핑,기타공공기관,중소벤처기업부,382,14,73683,168640,서울특별시,0.0366492146596858,2.288723314740171
(주)한국가스기술공사,공기업(준시장형),산업통상부,2358,182,77183,158685,대전광역시,0.0771840542832909,2.055957918194421
88관광개발(주),기타공공기관,국가보훈부,42,2,69409,146943,경기도,0.0476190476190476,2.1170597472950194
KDI국제정책대학원,기타공공기관,국무조정실,163,5,106224,,세종특별자치시,0.0306748466257668,
가축위생방역지원본부,기타공공기관,농림축산식품부,1287,1,68498,132955,세종특별자치시,0.0007770007770007,1.9410055768051624
강릉원주대학교치과병원,기타공공기관,교육부,207,39,46490,99373,강원도,0.1884057971014492,2.1375134437513443
강원대학교병원,기타공공기관,교육부,1905,114,59253,129554,강원도,0.0598425196850393,2.186454694277083
건강보험심사평가원,준정부기관(위탁집행형),보건복지부,3957,171.75,71130,182799,강원도,0.0434040940106141,2.569928300295234
건설근로자공제회,기타공공기관,고용노동부,222.5,6,86484,200660,서울특별시,0.0269662921348314,2.320197955691226
건축공간연구원,기타공공기관,국무조정실,111,1,72924,165535,세종특별자치시,0.009009009009009,2.2699659919916626
게임물관리위원회,기타공공기관,문화체육관광부,101,2,58729,129249,부산광역시,0.0198019801980198,2.200769636806348
경북대학교병원,기타공공기관,교육부,5539,343,76361,135927,대구광역시,0.0619245351146416,1.780057882950721
경북대학교치과병원,기타공공기관,교육부,220,38,65600,122319,대구광역시,0.1727272727272727,1.8646189024390245
경상국립대학교병원,기타공공기관,교육부,4116,207,64525,152737,경상남도,0.0502915451895043,2.367098024021697
경제인문사회연구회,기타공공기관,국무조정실,96,2,63741,216018,세종특별자치시,0.0208333333333333,3.3889960935661505
공간정보품질관리원,기타공공기관,국토교통부,83,2,62099,154150,서울특별시,0.0240963855421686,2.4823266075138086
공무원연금공단,준정부기관(기금관리형),인사혁신처,693,64,73388,167526,제주특별자치도,0.0923520923520923,2.282743772823895
과학기술사업화진흥원,기타공공기관,과학기술정보통신부,52,5,68322,181502,서울특별시,0.0961538461538461,2.656567430695823
과학기술정책연구원,기타공공기관,국무조정실,162,6,73726,154938,세종특별자치시,0.037037037037037,2.101538127661883
국가과학기술인력개발원,기타공공기관,과학기술정보통신부,121,7,74562,,충청북도,0.0578512396694214,
국가생명윤리정책원,기타공공기관,보건복지부,77,11,52628,156460,서울특별시,0.1428571428571428,2.9729421600668844
국가수리과학연구소,기타공공기관,과학기술정보통신부,61,1,80712,,대전광역시,0.0163934426229508,
국가유산진흥원,기타공공기관,국가유산청,395,8,60571,152090,서울특별시,0.020253164556962,2.5109375773885194
국가철도공단,준정부기관(위탁집행형),국토교통부,2210,155,77036,160006,대전광역시,0.0701357466063348,2.0770289215431745
국가평생교육진흥원,기타공공기관,교육부,174,1,75373,207581,서울특별시,0.0057471264367816,2.7540498587027185
국립공원공단,준정부기관(위탁집행형),기후에너지환경부,2651,119,61473,186139,강원도,0.0448887212372689,3.027979763473395
국립광주과학관,기타공공기관,과학기술정보통신부,143,1,61856,139826,광주광역시,0.0069930069930069,2.260508277289188
국립낙동강생물자원관,기타공공기관,기후에너지환경부,214,6,67795,186198,경상북도,0.02803738317757,2.7464857290360647
국립대구과학관,기타공공기관,과학기술정보통신부,153,3,64690,139826,대구광역시,0.0196078431372549,2.161477817282424
국립박물관문화재단,기타공공기관,문화체육관광부,80,2,59968,167774,서울특별시,0.025,2.7977254535752403
국립부산과학관,기타공공기관,과학기술정보통신부,145,2,65471,142826,부산광역시,0.0137931034482758,2.181515480136244
국립생태원,준정부기관(위탁집행형),기후에너지환경부,623,5,71174,167764,충청남도,0.0080256821829855,2.357096692612471
국립아시아문화전당재단,기타공공기관,문화체육관광부,156,5,63893,122917,광주광역시,0.032051282051282,1.923794468877655
국립암센터,기타공공기관,보건복지부,2209.1,201,80995,430302,경기도,0.0909872798877371,5.312698314710785
국립울진해양과학관,기타공공기관,해양수산부,43,4,60347,153395,경상북도,0.0930232558139534,2.5418827779342803
국립중앙의료원,기타공공기관,보건복지부,1814,87,74058,266468,서울특별시,0.047960308710033,3.5980987874368737
국립항공박물관,기타공공기관,국토교통부,83,9,67391,141061,서울특별시,0.108433734939759,2.093172678844356
국립해양박물관,기타공공기관,해양수산부,63,3,64045,167364,부산광역시,0.0476190476190476,2.613225076118354
국립해양생물자원관,기타공공기관,해양수산부,223,7,78810,187332,충청남도,0.0313901345291479,2.377007993909402
국립호남권생물자원관,기타공공기관,기후에너지환경부,185,0,64416,167569,전라남도,0,2.601356805762544
국민건강보험공단,준정부기관(위탁집행형),보건복지부,16156,915,68926,143493,강원도,0.0566353057687546,2.0818413951194032
국민건강보험공단 일산병원,준정부기관(위탁집행형),보건복지부,2638.5,186,77544,,경기도,0.0704945992040932,
국민연금공단,준정부기관(기금관리형),보건복지부,7430,251,73077,233419,전라북도,0.0337819650067294,3.1941513745775003
국방과학연구소,기타공공기관,방위사업청,3435,176,108374,204450,대전광역시,0.0512372634643377,1.886522597671028
국방기술진흥연구소,기타공공기관,방위사업청,367,12,91717,,경상남도,0.0326975476839237,
국방기술품질원,기타공공기관,방위사업청,684,13,91567,192738,경상남도,0.0190058479532163,2.104884947633973
국방전직교육원,기타공공기관,국방부,42,1,49661,97479,경기도,0.0238095238095238,1.962888383238356
국악방송,기타공공기관,문화체육관광부,76,5,58519,109133,서울특별시,0.0657894736842105,1.8649156684153865
국제방송교류재단,기타공공기관,문화체육관광부,227,9,62762,135445,서울특별시,0.039647577092511,2.1580733564895955
국제식물검역인증원,기타공공기관,농림축산식품부,56,7,53894,202704,부산광역시,0.125,3.761160797120273
국토교통과학기술진흥원,기타공공기관,국토교통부,153,1,87557,207480,경기도,0.0065359477124183,2.3696563381568576
국토안전관리원,준정부기관(위탁집행형),국토교통부,1094.7,82,69205,137201,경상남도,0.0749063670411985,1.9825301640054909
국토연구원,기타공공기관,국무조정실,283,11,86543,160000,세종특별자치시,0.03886925795053,1.8487919300232252
그랜드코리아레저(주),공기업(준시장형),문화체육관광부,1771,45,72697,149232,서울특별시,0.0254093732354601,2.0527944757005105
극지연구소,기타공공기관,해양수산부,294,4,84139,,인천광역시,0.0136054421768707,
근로복지공단,준정부기관(기금관리형),고용노동부,10158.63,459.5,64992,158139,울산광역시,0.045232477213955,2.433207163958641
기술보증기금,준정부기관(기금관리형),중소벤처기업부,1586,91,96353,265699,부산광역시,0.0573770491803278,2.757558145568898
기초과학연구원,기타공공기관,과학기술정보통신부,443,17,84524,265278,대전광역시,0.0383747178329571,3.138493209029388
노사발전재단,기타공공기관,고용노동부,300,7,50957,168031,서울특별시,0.0233333333333333,3.2975057401338383
농림수산식품교육문화정보원,기타공공기관,농림축산식품부,169,10,59049,138353,세종특별자치시,0.059171597633136,2.343020203559756
농림식품기술기획평가원,기타공공기관,농림축산식품부,98,12,67284,154140,전라남도,0.1224489795918367,2.290886392009988
농업정책보험금융원,기타공공기관,농림축산식품부,86,5,67737,207581,서울특별시,0.0581395348837209,3.0645142241315675
대구경북첨단의료산업진흥재단,기타공공기관,보건복지부,406,7,60596,279770,대구광역시,0.0172413793103448,4.6169714172552645
대외경제정책연구원,기타공공기관,국무조정실,221,11,75968,189307,세종특별자치시,0.0497737556561085,2.491930812973884
대한무역투자진흥공사,준정부기관(위탁집행형),산업통상부,1293,63,108925,191076,서울특별시,0.0487238979118329,1.754197842552215
대한법률구조공단,기타공공기관,법무부,871,15,81126,156723,경상북도,0.0172215843857634,1.9318467568966795
대한석탄공사,기타공공기관,산업통상부,187,0,71680,73389,강원도,0,1.0238420758928573
대한장애인체육회,기타공공기관,문화체육관광부,143,2,60828,127471,서울특별시,0.0139860139860139,2.095597422239758
대한적십자사,기타공공기관,보건복지부,4393,364,65205,,강원도,0.0828590940132028,
대한체육회,기타공공기관,문화체육관광부,282,21,68491,142310,서울특별시,0.0744680851063829,2.077791242645019
독립기념관,기타공공기관,국가보훈부,142,2,62773,123448,충청남도,0.0140845070422535,1.9665779873512497
동남권원자력의학원,기타공공기관,과학기술정보통신부,724,48,83238,,부산광역시,0.0662983425414364,
동북아역사재단,기타공공기관,교육부,116,12,66854,171621,서울특별시,0.1034482758620689,2.56710144493972
무역안보관리원,기타공공기관,산업통상부,72,8,56709,177023,서울특별시,0.1111111111111111,3.1216032728491068
민주화운동기념사업회,기타공공기관,행정안전부,70,2,58868,113718,경기도,0.0285714285714285,1.9317456003261533
부산대학교병원,기타공공기관,교육부,6981,550,67746,178096,부산광역시,0.0787852743160005,2.6288784577687245
부산대학교치과병원,기타공공기관,교육부,287,36,62325,116694,경상남도,0.1254355400696864,1.872346570397112
부산항만공사,기타공공기관,해양수산부,274,6,85049,166729,부산광역시,0.0218978102189781,1.9603875412997211
북한이탈주민지원재단,기타공공기관,통일부,172,3,64144,183200,서울특별시,0.0174418604651162,2.856073833873784
분당서울대학교병원,기타공공기관,교육부,5747,545.06,79001,,경기도,0.0948425265355837,
사립학교교직원연금공단,기타공공기관,교육부,254,24,67437,191264,전라남도,0.0944881889763779,2.836187849400181
산업연구원,기타공공기관,국무조정실,206,10,77484,175134,세종특별자치시,0.0485436893203883,2.260260182747406
새만금개발공사,기타공공기관,국토교통부,107,14,76789,158166,전라북도,0.1308411214953271,2.05974814100978
서민금융진흥원,기타공공기관,금융위원회,349,22,68063,277741,서울특별시,0.0630372492836676,4.080645872206632
서울대학교병원,기타공공기관,교육부,8495,653,78634,212217,서울특별시,0.0768687463213655,2.698794414629804
서울대학교치과병원,기타공공기관,교육부,670,81,68272,193301,서울특별시,0.1208955223880597,2.831336419029763
서울올림픽기념국민체육진흥공단,준정부기관(기금관리형),문화체육관광부,1490,47,74925,170402,서울특별시,0.0315436241610738,2.274300967634301
서울요양원,준정부기관(위탁집행형),보건복지부,118,22,34052,,서울특별시,0.1864406779661017,
선박해양플랜트연구소,기타공공기관,해양수산부,321,12,99021,,대전광역시,0.0373831775700934,
세종학당재단,기타공공기관,문화체육관광부,101,1,61949,151952,서울특별시,0.0099009900990099,2.4528563818625
소상공인시장진흥공단,준정부기관(기금관리형),중소벤처기업부,864,65,53086,152340,대전광역시,0.0752314814814814,2.8696831556342537
소프트웨어정책연구소,기타공공기관,과학기술정보통신부,51,3,77671,,경기도,0.0588235294117647,
수도권매립지관리공사,기타공공기관,기후에너지환경부,346,0,88762,178109,인천광역시,0,2.00659065816453
스포츠윤리센터,기타공공기관,문화체육관광부,51,15,49984,,서울특별시,0.2941176470588235,
시청자미디어재단,기타공공기관,방송미디어통신위원회,275,16,53844,174248,서울특별시,0.0581818181818181,3.2361637322635763
식품안전정보원,기타공공기관,식품의약품안전처,115,17,48810,123430,서울특별시,0.1478260869565217,2.5287850850235607
신용보증기금,준정부기관(기금관리형),금융위원회,2927.5,186,97179,244703,대구광역시,0.0635354397950469,2.5180646024346824
신용보증재단중앙회,기타공공기관,중소벤처기업부,115,11,74325,194610,세종특별자치시,0.0956521739130434,2.618365287588295
아동권리보장원,기타공공기관,보건복지부,172,16,49208,154645,서울특별시,0.0930232558139534,3.142680052024061
아시아·태평양경제협력체 기후센터,기타공공기관,기상청,64,3,66346,152308,부산광역시,0.046875,2.2956621348687185
에너지경제연구원,기타공공기관,국무조정실,167,12,96427,160436,울산광역시,0.0718562874251497,1.6638078546465205
여수광양항만공사,기타공공기관,해양수산부,182,10,88033,176443,전라남도,0.0549450549450549,2.0042824849772245
연구개발특구진흥재단,기타공공기관,과학기술정보통신부,170,7,67314,207581,대전광역시,0.0411764705882352,3.0837715779778354
영상물등급위원회,기타공공기관,문화체육관광부,52,5,56746,151133,부산광역시,0.0961538461538461,2.6633242871744263
영화진흥위원회,기타공공기관,문화체육관광부,137,5,73380,156940,부산광역시,0.0364963503649635,2.138729899155083
예금보험공사,준정부기관(기금관리형),금융위원회,843,35,97187,248919,서울특별시,0.0415183867141162,2.561237614084188
예술의전당,기타공공기관,문화체육관광부,379,0,78531,151271,서울특별시,0,1.926258420241688
오송첨단의료산업진흥재단,기타공공기관,보건복지부,390,27,58646,233904,충청북도,0.0692307692307692,3.9884050063090406
울산항만공사,기타공공기관,해양수산부,126,5,83948,191852,울산광역시,0.0396825396825396,2.2853671320341165
육아정책연구소,기타공공기관,국무조정실,63,1,66239,141659,서울특별시,0.0158730158730158,2.1386041455939853
의료기관평가인증원,기타공공기관,보건복지부,75,10,56514,203048,서울특별시,0.1333333333333333,3.592879640443076
인천국제공항공사,공기업(시장형),국토교통부,1951,35,97651,198813,인천광역시,0.017939518195797,2.03595457291784
인천항만공사,기타공공기관,해양수산부,280.5,8,91518,170905,인천광역시,0.0285204991087344,1.8674468410585896
자동차손해배상진흥원,기타공공기관,국토교통부,126,8,88478,194020,서울특별시,0.0634920634920634,2.192861502294356
재단법인 건설기술교육원,기타공공기관,국토교통부,85,4,80214,273539,인천광역시,0.0470588235294117,3.410115441194804
재단법인 대한건설기계안전관리원,기타공공기관,국토교통부,221,24,47772,132396,서울특별시,0.1085972850678733,2.771414217533283
재단법인 장애인기업종합지원센터,기타공공기관,중소벤처기업부,49,5,52917,125169,서울특별시,0.1020408163265306,2.3653835251431485
재단법인 한국공공조직은행,기타공공기관,보건복지부,66,8,51902,129888,서울특별시,0.1212121212121212,2.502562521675465
재단법인 한국에너지재단,기타공공기관,기후에너지환경부,52,6,56400,168918,서울특별시,0.1153846153846153,2.995
재단법인 한국자활복지개발원,기타공공기관,보건복지부,104,6,55557,186785,서울특별시,0.0576923076923076,3.362042586892741
재단법인 한국장기조직기증원,기타공공기관,보건복지부,115,6,61431,135277,서울특별시,0.0521739130434782,2.202096661294786
재외동포협력센터,기타공공기관,재외동포청,38,0,70660,125481,서울특별시,0,1.775842060571752
전남대학교병원,기타공공기관,교육부,5522.5,228,75430,142232,광주광역시,0.0412856496152105,1.8856158027310088
전북대학교병원,기타공공기관,교육부,3192,197,72559,153332,전라북도,0.0617167919799498,2.1132044267423757
전쟁기념사업회,기타공공기관,국방부,235,13,67198,129351,서울특별시,0.0553191489361702,1.92492336081431
정보통신기획평가원,준정부기관(위탁집행형),과학기술정보통신부,358.13,7,94127,,대전광역시,0.0195459749253064,
정보통신산업진흥원,기타공공기관,과학기술정보통신부,458,8,80795,225395,충청북도,0.0174672489082969,2.7897147100686923
정보통신정책연구원,기타공공기관,국무조정실,174,5,90966,201031,충청북도,0.028735632183908,2.2099575665633315
정부법무공단,기타공공기관,법무부,124,9,99846,209464,서울특별시,0.0725806451612903,2.0978707209102017
제주국제자유도시개발센터,공기업(준시장형),국토교통부,365,22,66261,146624,제주특별자치도,0.0602739726027397,2.2128250403706557
제주대학교병원,기타공공기관,교육부,2016,99,64860,147809,제주특별자치도,0.0491071428571428,2.2788930003083565
주식회사 에스알,공기업(준시장형),국토교통부,700,46,73837,123857,서울특별시,0.0657142857142857,1.677438140769533
주택관리공단(주),기타공공기관,국토교통부,2769,272,48307,156073,경상남도,0.098230408089563,3.230856811642205
주택도시보증공사,공기업(준시장형),국토교통부,1149,56,78153,135177,부산광역시,0.0487380330722367,1.7296456949829182
중소기업기술정보진흥원,기타공공기관,중소벤처기업부,291,16,63799,225395,세종특별자치시,0.0549828178694158,3.532892365084092
중소기업은행,기타공공기관,금융위원회,13599,330,111088,342558,서울특별시,0.0242664901831017,3.083663401987613
중소벤처기업연구원,기타공공기관,중소벤처기업부,116,7,69843,193101,서울특별시,0.0603448275862069,2.76478673596495
중소벤처기업진흥공단,준정부기관(기금관리형),중소벤처기업부,1434,60,85474,252444,경상남도,0.0418410041841004,2.953459531553454
차세대수치예보모델개발사업단,기타공공기관,기상청,108,8,77945,157440,서울특별시,0.074074074074074,2.019885816922189
창업진흥원,기타공공기관,중소벤처기업부,235,10,69361,189767,세종특별자치시,0.0425531914893617,2.7359322962471704
축산물품질평가원,준정부기관(위탁집행형),농림축산식품부,474,28,65097,186821,세종특별자치시,0.0590717299578059,2.8698864771034
충남대학교병원,기타공공기관,교육부,5069.6,165,68599,157236,대전광역시,0.0325469465046552,2.292103383431245
충북대학교병원,기타공공기관,교육부,2674,115,66981,152365,충청북도,0.0430067314884068,2.2747495558441946
코레일관광개발(주),기타공공기관,국토교통부,1304,1,40752,117232,서울특별시,0.0007668711656441,2.8767177071064
코레일네트웍스(주),기타공공기관,국토교통부,1680.2,9,55740,117152,서울특별시,0.005356505177955,2.101758162899175
코레일로지스(주),기타공공기관,국토교통부,543,14,46253,86990,서울특별시,0.0257826887661141,1.8807428707327087
코레일유통(주),기타공공기관,국토교통부,477,24,55043,124757,서울특별시,0.050314465408805,2.2665370710172046
코레일테크(주),기타공공기관,국토교통부,5267,33,47219,104853,대전광역시,0.0062654262388456,2.220567991698257
태권도진흥재단,기타공공기관,문화체육관광부,89,8,61108,148391,전라북도,0.0898876404494382,2.428339988217582
통일연구원,기타공공기관,국무조정실,100,7,65541,154704,서울특별시,0.07,2.360415617704948
학교법인한국폴리텍,기타공공기관,고용노동부,2740,104,80283,167033,인천광역시,0.037956204379562,2.080552545370751
한국가스공사,공기업(시장형),산업통상부,4251,157,94008,128450,대구광역시,0.0369324864737708,1.3663730746319462
한국가스안전공사,준정부기관(위탁집행형),산업통상부,1746.5,91,75032,176074,충청북도,0.0521042084168336,2.346652095106088
한국개발연구원,기타공공기관,국무조정실,474,23,84767,189390,세종특별자치시,0.0485232067510548,2.234242098930008
한국건강가정진흥원,기타공공기관,성평등가족부,83,10,46706,149801,서울특별시,0.1204819277108433,3.2073181175866057
한국건강증진개발원,기타공공기관,보건복지부,165,9,51119,196017,서울특별시,0.0545454545454545,3.8345233670455214
한국고용노동교육원,기타공공기관,고용노동부,118,6,75570,160628,경기도,0.0508474576271186,2.125552467910546
한국고용정보원,준정부기관(위탁집행형),고용노동부,525,21.75,65867,138726,충청북도,0.0414285714285714,2.106153308940744
한국고전번역원,기타공공기관,교육부,142,7,64538,147639,서울특별시,0.0492957746478873,2.2876289937711114
한국공예디자인문화진흥원,기타공공기관,문화체육관광부,68,4,56688,133725,서울특별시,0.0588235294117647,2.3589648602878914
한국공정거래조정원,기타공공기관,공정거래위원회,121,10,59441,185512,서울특별시,0.0826446280991735,3.1209434565367338
한국공항공사,공기업(시장형),국토교통부,2749,171,69998,118504,서울특별시,0.0622044379774463,1.692962656075888
한국과학기술기획평가원,기타공공기관,과학기술정보통신부,317,11,87822,210140,충청북도,0.0347003154574132,2.392794516180456
한국과학창의재단,기타공공기관,과학기술정보통신부,179.8,5,75085,223081,서울특별시,0.0278086763070077,2.971046147699274
한국관광공사,준정부기관(위탁집행형),문화체육관광부,759,28,84880,156093,강원도,0.0368906455862977,1.8389844486333649
한국광해광업공단,공기업(준시장형),산업통상부,789.88,25,85536,123219,강원도,0.031650377272497,1.4405513468013469
한국교육개발원,기타공공기관,국무조정실,228,4,94596,155765,충청북도,0.0175438596491228,1.646634107150408
한국교육과정평가원,기타공공기관,국무조정실,355,19,92466,157599,충청북도,0.0535211267605633,1.704399454934787
한국교육학술정보원,기타공공기관,교육부,337,5,77268,207581,대구광역시,0.0148367952522255,2.686506703939535
한국교통안전공단,준정부기관(위탁집행형),국토교통부,1895.3,77,79352,196813,경상북도,0.04062681369704,2.480252545619518
한국교통연구원,기타공공기관,국무조정실,245,3,92076,157226,세종특별자치시,0.0122448979591836,1.707567661497024
한국국방연구원,기타공공기관,국방부,510,19,96856,216712,서울특별시,0.0372549019607843,2.23746592880152
한국국제교류재단,기타공공기관,외교부,149,12,71542,166458,제주특별자치도,0.0805369127516778,2.326717173129071
한국국제보건의료재단,기타공공기관,보건복지부,100,1,59676,134880,서울특별시,0.01,2.260205107580937
한국국제협력단,준정부기관(위탁집행형),외교부,620,41,73170,156000,경기도,0.0661290322580645,2.132021320213202
한국국토정보공사,준정부기관(위탁집행형),국토교통부,4566,7,80871,142582,전라북도,0.0015330705212439,1.7630794722459224
한국기상산업기술원,기타공공기관,기상청,162,17,56135,197739,대전광역시,0.1049382716049382,3.5225616816602834
한국기술교육대학교,기타공공기관,고용노동부,638.6,26,80771,183786,충청남도,0.0407140620106482,2.275395872280893
한국나노기술원,기타공공기관,과학기술정보통신부,89.5,1,108440,181482,경기도,0.0111731843575419,1.6735706381409077
한국남동발전(주),공기업(시장형),기후에너지환경부,2882,75,96484,172832,경상남도,0.0260235947258848,1.7913021848182082
한국남부발전(주),공기업(시장형),기후에너지환경부,2713,126,99777,213444,부산광역시,0.0464430519719867,2.139210439279593
한국노동연구원,기타공공기관,국무조정실,149,3,75613,155324,세종특별자치시,0.0201342281879194,2.05419702961131
한국노인인력개발원,기타공공기관,보건복지부,181,24,57281,197413,경기도,0.1325966850828729,3.4463958380614863
한국농수산식품유통공사,준정부기관(위탁집행형),농림축산식품부,927,48,76348,170267,전라남도,0.0517799352750809,2.2301435532037512
한국농어촌공사,준정부기관(위탁집행형),농림축산식품부,6580,169,71966,142489,전라남도,0.0256838905775075,1.979948864741684
한국농업기술진흥원,기타공공기관,농촌진흥청,332,10,67576,206863,전라북도,0.0301204819277108,3.0611903634426425
한국농촌경제연구원,기타공공기관,국무조정실,163,6,87551,155755,전라남도,0.0368098159509202,1.7790202282098435
한국데이터산업진흥원,기타공공기관,과학기술정보통신부,97,7,68668,175351,서울특별시,0.0721649484536082,2.553605755228054
한국도로공사,공기업(시장형),국토교통부,9075,179,88499,166439,경상북도,0.019724517906336,1.8806879173775972
한국도로공사서비스(주),기타공공기관,국토교통부,5279,263,48754,160000,경기도,0.0498200416745595,3.2817820076301434
한국도로교통공단,준정부기관(위탁집행형),경찰청,3041,108,64103,129477,강원도,0.0355146333442946,2.0198274651732366
한국도박문제예방치유원,기타공공기관,문화체육관광부,92,2,60136,131907,서울특별시,0.0217391304347826,2.1934781162697883
한국동서발전(주),공기업(시장형),기후에너지환경부,2596,122,96175,162091,울산광역시,0.046995377503852,1.6853756173641798
한국등산·트레킹지원센터,기타공공기관,산림청,43,10,52037,133305,대전광역시,0.2325581395348837,2.561734919384284
한국디자인진흥원,기타공공기관,산업통상부,186,10,63604,154140,경기도,0.053763440860215,2.4234324885227343
한국로봇산업진흥원,기타공공기관,산업통상부,122,3,76084,154140,대구광역시,0.0245901639344262,2.025918721413175
한국마사회,공기업(준시장형),농림축산식품부,2865.6,51,94208,138921,경기도,0.0177973199329983,1.4746199898097827
한국마약퇴치운동본부,기타공공기관,식품의약품안전처,173,72,38229,90222,서울특별시,0.4161849710982659,2.360040806717413
한국무역보험공사,준정부기관(기금관리형),산업통상부,833,41,100036,256814,서울특별시,0.04921968787515,2.567215802311168
한국문학번역원,기타공공기관,문화체육관광부,58,2,49668,158240,서울특별시,0.0344827586206896,3.1859547394700813
한국문화관광연구원,기타공공기관,문화체육관광부,140,5,77194,165031,서울특별시,0.0357142857142857,2.1378734098505063
한국문화예술교육진흥원,기타공공기관,문화체육관광부,148,0,58178,123499,서울특별시,0,2.1227783698305203
한국문화예술위원회,기타공공기관,문화체육관광부,262,8,64652,174582,전라남도,0.0305343511450381,2.7003340963929965
한국문화정보원,기타공공기관,문화체육관광부,65,4,58462,122320,서울특별시,0.0615384615384615,2.0922992713215423
한국문화진흥주식회사,기타공공기관,문화체육관광부,135,14,52861,152963,경기도,0.1037037037037037,2.89368343391158
한국발명진흥회,기타공공기관,지식재산처,197,8,68799,184744,서울특별시,0.0406091370558375,2.685271588249829
한국방송광고진흥공사,공기업(준시장형),방송미디어통신위원회,314,10,87655,114621,서울특별시,0.0318471337579617,1.3076378985796588
한국방송통신전파진흥원,준정부기관(위탁집행형),과학기술정보통신부,543.5,16,73182,157117,전라남도,0.0294388224471021,2.146935038670712
한국법무보호복지공단,기타공공기관,법무부,389,26,57728,157951,경상북도,0.0668380462724935,2.7361245842572064
한국법제연구원,기타공공기관,국무조정실,135,2,63260,146455,세종특별자치시,0.0148148148148148,2.315128042997155
한국벤처투자,기타공공기관,중소벤처기업부,163,10,96668,198521,서울특별시,0.0613496932515337,2.0536371912111555
한국보건복지인재원,기타공공기관,보건복지부,274,5,55439,160712,충청북도,0.0182481751824817,2.8988978877685385
한국보건사회연구원,기타공공기관,국무조정실,210,5,82975,164005,세종특별자치시,0.0238095238095238,1.9765592045796927
한국보건산업진흥원,기타공공기관,보건복지부,424,0,71669,202652,충청북도,0,2.8276102638518745
한국보건의료연구원,기타공공기관,보건복지부,165,8,61574,225395,서울특별시,0.0484848484848484,3.6605547796147726
한국보건의료인국가시험원,기타공공기관,보건복지부,149,3,68096,202855,서울특별시,0.0201342281879194,2.978956179511278
한국보육진흥원,기타공공기관,교육부,367,22,45478,149374,서울특별시,0.0599455040871934,3.2845331808786664
한국보훈복지의료공단,준정부기관(위탁집행형),국가보훈부,7547,856,68649,156837,강원도,0.1134225520074201,2.284621771620854
한국부동산원,공기업(준시장형),국토교통부,1183,57,91891,179225,대구광역시,0.0481825866441251,1.950408636319117
한국사학진흥재단,기타공공기관,교육부,131,18,55122,223117,대구광역시,0.1374045801526717,4.047694205580349
한국사회보장정보원,준정부기관(위탁집행형),보건복지부,751,19,61862,179903,서울특별시,0.0252996005326231,2.9081342342633603
한국사회복지협의회,기타공공기관,보건복지부,91,3,54619,,서울특별시,0.0329670329670329,
한국사회적기업진흥원,기타공공기관,고용노동부,125,11,59117,167005,경기도,0.088,2.8249911193057837
한국산림복지진흥원,준정부기관(위탁집행형),산림청,463,40,57504,182270,대전광역시,0.0863930885529157,3.1696925431274345
한국산업기술기획평가원,준정부기관(위탁집행형),산업통상부,403.5,8,91637,193057,대구광역시,0.0198265179677819,2.1067581871951284
한국산업기술시험원,기타공공기관,산업통상부,906,9,95985,225395,경상남도,0.009933774834437,2.3482314945043496
한국산업기술진흥원,준정부기관(위탁집행형),산업통상부,427,19,77931,209908,서울특별시,0.0444964871194379,2.693510926332268
한국산업단지공단,준정부기관(위탁집행형),산업통상부,628,18,75368,144440,대구광역시,0.0286624203821656,1.9164632204649188
한국산업안전보건공단,준정부기관(위탁집행형),고용노동부,2229.63,83,69202,174368,울산광역시,0.0372259074375569,2.5196959625444357
한국산업은행,기타공공기관,금융위원회,3423,224,114659,321917,서울특별시,0.065439672801636,2.8076034153446305
한국산업인력공단,준정부기관(위탁집행형),고용노동부,1881.7,78,65422,166083,울산광역시,0.0414518786203964,2.5386414356027025
한국상하수도협회,기타공공기관,기후에너지환경부,76,4,69715,178095,서울특별시,0.0526315789473684,2.5546152191063616
한국생명존중희망재단,기타공공기관,보건복지부,175,10,51098,126530,서울특별시,0.0571428571428571,2.4762221613370388
한국서부발전(주),공기업(시장형),기후에너지환경부,2843,95,91243,142963,충청남도,0.0334154062609919,1.5668380040112666
한국석유공사,공기업(시장형),산업통상부,1449,46,95085,155961,울산광역시,0.0317460317460317,1.6402271651680076
한국석유관리원,준정부기관(위탁집행형),산업통상부,449,18,68151,187623,경기도,0.0400890868596882,2.753048377866796
한국세라믹기술원,기타공공기관,산업통상부,236,7,99443,223117,경상남도,0.0296610169491525,2.243667226451334
한국소방산업기술원,기타공공기관,소방청,322,17,63256,115054,경기도,0.0527950310559006,1.818863032755786
한국소비자원,준정부기관(위탁집행형),공정거래위원회,543,45,64296,172103,충청북도,0.0828729281767955,2.6767295010576087
한국수력원자력(주),공기업(시장형),기후에너지환경부,12794,432,101770,168520,경상북도,0.0337658277317492,1.6558907340080573
한국수목원정원관리원,준정부기관(위탁집행형),산림청,453,28,59193,180493,세종특별자치시,0.0618101545253863,3.04922879394523
한국수산자원공단,기타공공기관,해양수산부,347,7,68772,167891,부산광역시,0.0201729106628242,2.441269702786017
한국수자원공사,공기업(준시장형),기후에너지환경부,6377,254,83533,157482,대전광역시,0.0398306413674141,1.885266900506387
한국수자원조사기술원,기타공공기관,기후에너지환경부,170,8,69074,218663,경기도,0.0470588235294117,3.1656339577844053
한국수출입은행,기타공공기관,재정경제부,1322.54,92,112924,324721,서울특별시,0.0695631134029972,2.8755711806170523
한국승강기안전공단,준정부기관(위탁집행형),행정안전부,1668,86,57896,174367,경상남도,0.0515587529976019,3.0117279259361616
한국식품산업클러스터진흥원,기타공공기관,농림축산식품부,114,16,55396,225395,전라북도,0.1403508771929824,4.068795580908369
한국식품안전관리인증원,기타공공기관,식품의약품안전처,264,9,57720,181009,충청북도,0.034090909090909,3.135984060984061
한국양성평등교육진흥원,기타공공기관,성평등가족부,122,5,58077,170801,서울특별시,0.040983606557377,2.940940475575529
한국어촌어항공단,기타공공기관,해양수산부,245,37,55834,182923,서울특별시,0.1510204081632653,3.2761937170899453
한국언론진흥재단,기타공공기관,문화체육관광부,218,9,79906,163148,서울특별시,0.0412844036697247,2.041749055139789
한국에너지공단,준정부기관(위탁집행형),기후에너지환경부,755,43,69784,180905,울산광역시,0.0569536423841059,2.592356414077725
한국에너지기술평가원,기타공공기관,기후에너지환경부,197,21,85676,186798,서울특별시,0.1065989847715736,2.180283860124189
한국에너지정보문화재단,기타공공기관,기후에너지환경부,35,2,66512,133570,서울특별시,0.0571428571428571,2.008209044984364
한국여성과학기술인육성재단,기타공공기관,과학기술정보통신부,45,2,51333,167298,서울특별시,0.0444444444444444,3.259073110864356
한국여성인권진흥원,기타공공기관,성평등가족부,131,21,44957,147301,서울특별시,0.1603053435114503,3.27648642035723
한국여성정책연구원,기타공공기관,국무조정실,130,5,75887,,서울특별시,0.0384615384615384,
한국연구재단,준정부기관(위탁집행형),과학기술정보통신부,626,24,93520,195636,대전광역시,0.0383386581469648,2.0919161676646705
한국영상자료원,기타공공기관,문화체육관광부,98,3,55270,152030,서울특별시,0.0306122448979591,2.7506784874253665
한국예술인복지재단,기타공공기관,문화체육관광부,45,3,52903,125903,서울특별시,0.0666666666666666,2.379883938529006
한국원산지정보원,기타공공기관,관세청,48,3,53281,188394,경기도,0.0625,3.53585705973987
한국원자력안전기술원,기타공공기관,원자력안전위원회,631,27,108186,206843,대전광역시,0.0427892234548335,1.9119202114876237
한국원자력안전재단,기타공공기관,원자력안전위원회,83,3,76240,188012,경기도,0.036144578313253,2.4660545645330534
한국원자력의학원,기타공공기관,과학기술정보통신부,1378,83,88147,227903,서울특별시,0.0602322206095791,2.5854878782034554
한국원자력통제기술원,기타공공기관,원자력안전위원회,129,5,88497,189946,대전광역시,0.0387596899224806,2.146355243680577
한국원자력환경공단,준정부기관(위탁집행형),기후에너지환경부,412,21,82852,139910,경상북도,0.0509708737864077,1.6886737797518467
한국의료기기안전정보원,기타공공기관,식품의약품안전처,70,6,58456,120590,서울특별시,0.0857142857142857,2.062919118653346
한국의료분쟁조정중재원,기타공공기관,보건복지부,157,6,73493,207851,서울특별시,0.0382165605095541,2.8281741118201733
한국의약품안전관리원,기타공공기관,식품의약품안전처,123,13,57914,120618,경기도,0.1056910569105691,2.08270884414822
한국인터넷진흥원,준정부기관(위탁집행형),과학기술정보통신부,767,30,72031,207581,전라남도,0.0391134289439374,2.8818286571059684
한국임업진흥원,기타공공기관,산림청,267,24,61269,167545,서울특별시,0.0898876404494382,2.734580293459988
한국자산관리공사,준정부기관(기금관리형),금융위원회,1861,104,88968,216468,부산광역시,0.0558839333691563,2.4330995414081467
한국잡월드,기타공공기관,고용노동부,65,4,61719,180950,경기도,0.0615384615384615,2.931836225473517
한국장애인개발원,기타공공기관,보건복지부,385,6,61610,185188,서울특별시,0.0155844155844155,3.0058107450089278
한국장애인고용공단,준정부기관(위탁집행형),고용노동부,1473.88,58,59593,174178,경기도,0.0393519146741932,2.922792945480174
한국장학재단,준정부기관(위탁집행형),교육부,522,21,81323,269056,대구광역시,0.0402298850574712,3.3084859141940166
한국재정정보원,준정부기관(위탁집행형),기획예산처,299,21,73515,202854,서울특별시,0.0702341137123745,2.7593552336257905
한국저작권보호원,기타공공기관,문화체육관광부,114,4,58012,162943,서울특별시,0.0350877192982456,2.808780941874095
한국저작권위원회,기타공공기관,문화체육관광부,157,10,64170,171647,경상남도,0.0636942675159235,2.67487922705314
한국전기안전공사,준정부기관(위탁집행형),기후에너지환경부,3219.5,150,68513,158756,전라북도,0.0465910855722938,2.317166085268489
한국전력거래소,준정부기관(위탁집행형),기후에너지환경부,524,27,94322,184849,전라남도,0.0515267175572519,1.9597654841924472
한국전력공사,공기업(시장형),기후에너지환경부,23423,600,89488,168260,전라남도,0.0256158476710925,1.880252100840336
한국전력국제원자력대학원대학교,기타공공기관,기후에너지환경부,67,6,97427,205672,울산광역시,0.0895522388059701,2.111036981534893
한국전력기술주식회사,공기업(준시장형),기후에너지환경부,2355,185,98136,181021,경상북도,0.078556263269639,1.8445932175756092
한국제품안전관리원,기타공공기관,산업통상부,101,11,47192,162795,서울특별시,0.1089108910891089,3.449631293439566
한국조세재정연구원,기타공공기관,국무조정실,365,23,81062,166799,세종특별자치시,0.0630136986301369,2.057671905455084
한국조폐공사,공기업(준시장형),재정경제부,1410,53,86376,162769,대전광역시,0.0375886524822695,1.884423914050199
한국주택금융공사,준정부기관(기금관리형),금융위원회,1004,30,93495,229643,부산광역시,0.0298804780876494,2.4562062142360555
한국중부발전(주),공기업(시장형),기후에너지환경부,2890,112,97415,157309,충청남도,0.0387543252595155,1.614833444541395
한국중소벤처기업유통원,기타공공기관,중소벤처기업부,297,15,65212,155609,서울특별시,0.0505050505050505,2.3862019260258847
한국지능정보사회진흥원,준정부기관(위탁집행형),과학기술정보통신부,716,26,72883,178806,대구광역시,0.0363128491620111,2.453329308617922
한국지식재산보호원,기타공공기관,지식재산처,119,3,59607,208104,서울특별시,0.0252100840336134,3.491267804116966
한국지식재산연구원,기타공공기관,지식재산처,70,3,81073,213519,서울특별시,0.0428571428571428,2.633663488461017
한국지역난방공사,공기업(시장형),기후에너지환경부,2133,69,86934,194386,경기도,0.0323488045007032,2.236018128695332
한국직업능력연구원,기타공공기관,국무조정실,208,1,90897,156355,세종특별자치시,0.0048076923076923,1.7201337777924464
한국철도공사,공기업(준시장형),국토교통부,32380,1596,70911,110137,대전광역시,0.049289684990735,1.553172286387161
한국청소년상담복지개발원,기타공공기관,성평등가족부,258.5,2,53364,165536,부산광역시,0.0077369439071566,3.1020163406041528
한국청소년정책연구원,기타공공기관,국무조정실,90,0,71568,154825,세종특별자치시,0,2.163327185334228
한국청소년활동진흥원,기타공공기관,성평등가족부,415,14,53573,159685,서울특별시,0.0337349397590361,2.980699232822504
한국체육산업개발(주),기타공공기관,문화체육관광부,1171,25,62685,161598,서울특별시,0.0213492741246797,2.5779373055754964
한국출판문화산업진흥원,기타공공기관,문화체육관광부,94,5,53785,123490,전라북도,0.0531914893617021,2.29599330668402
한국치산기술협회,기타공공기관,산림청,94,12,96578,,충청북도,0.1276595744680851,
한국콘텐츠진흥원,기타공공기관,문화체육관광부,535,20,70096,183839,전라남도,0.0373831775700934,2.622674617667199
한국탄소산업진흥원,기타공공기관,산업통상부,107,4,81079,151862,전라북도,0.0373831775700934,1.873012740660344
한국토지주택공사,공기업(준시장형),국토교통부,8872,358,76598,135764,경상남도,0.040351668169522,1.772422256455782
한국투자공사,기타공공기관,재정경제부,328,14,123738,344698,서울특별시,0.0426829268292682,2.78570851314875
한국특허기술진흥원,기타공공기관,지식재산처,666,0,76091,185049,대전광역시,0,2.431943331011552
한국특허전략개발원,기타공공기관,지식재산처,245,5,72571,213519,대전광역시,0.0204081632653061,2.942208320127875
한국특허정보원,기타공공기관,지식재산처,423,9,59577,205527,대전광역시,0.0212765957446808,3.4497708847373985
한국학중앙연구원,기타공공기관,교육부,272,12,76193,225424,경기도,0.0441176470588235,2.958591996640111
한국한의약진흥원,기타공공기관,보건복지부,148,2,55000,151892,경상북도,0.0135135135135135,2.7616727272727277
한국항로표지기술원,기타공공기관,해양수산부,64,7,62699,153663,세종특별자치시,0.109375,2.4508046380325044
한국해양교통안전공단,준정부기관(위탁집행형),해양수산부,544,24,63091,161301,세종특별자치시,0.0441176470588235,2.556640408299124
한국해양수산개발원,기타공공기관,국무조정실,260,12,78032,175406,부산광역시,0.0461538461538461,2.247872667623539
한국해양수산연수원,기타공공기관,해양수산부,305,14,63807,150316,부산광역시,0.0459016393442622,2.355791684297961
한국해양조사협회,기타공공기관,해양수산부,54,2,66656,180136,서울특별시,0.037037037037037,2.702472395583293
한국해양진흥공사,기타공공기관,해양수산부,178,11,83887,250072,부산광역시,0.0617977528089887,2.9810578516337456
한국해외인프라도시개발지원공사,기타공공기관,국토교통부,99,5,83447,177766,서울특별시,0.0505050505050505,2.1302862895011203
한국행정연구원,기타공공기관,국무조정실,118,8,69315,157785,서울특별시,0.0677966101694915,2.276347111014932
한국형사·법무정책연구원,기타공공기관,국무조정실,102,7,70615,170447,서울특별시,0.0686274509803921,2.4137506195567515
한국환경공단,준정부기관(위탁집행형),기후에너지환경부,3233,164,64394,179970,인천광역시,0.0507268790596968,2.794825604870019
한국환경보전원,기타공공기관,기후에너지환경부,238,15,57846,148907,서울특별시,0.0630252100840336,2.5741970058431005
한국환경산업기술원,준정부기관(위탁집행형),기후에너지환경부,662,23,77422,179903,서울특별시,0.0347432024169184,2.323667691353879
한국환경연구원,기타공공기관,국무조정실,237,5,85478,160481,세종특별자치시,0.0210970464135021,1.877453847773696
한식진흥원,기타공공기관,농림축산식품부,44,1,61376,,서울특별시,0.0227272727272727,
한전KDN,공기업(준시장형),기후에너지환경부,3021,96,76544,172792,전라남도,0.0317775571002979,2.257420568561873
한전KPS(주),공기업(준시장형),기후에너지환경부,6669,368,87205,207391,전라남도,0.0551806867596341,2.3782007912390344
한전MCS(주),기타공공기관,기후에너지환경부,4361,585,62063,212830,전라남도,0.1341435450584728,3.4292573675136557
한전원자력연료주식회사,기타공공기관,기후에너지환경부,1172,48,88926,234015,대전광역시,0.0409556313993174,2.6315700694959854
항공안전기술원,기타공공기관,국토교통부,112,4,86112,189683,인천광역시,0.0357142857142857,2.2027475845410627
해양수산과학기술진흥원,기타공공기관,해양수산부,98,5,86516,225295,서울특별시,0.0510204081632653,2.6040847935641964
해양환경공단,공기업(준시장형),해양수산부,739,49,73988,185202,서울특별시,0.0663058186738836,2.503135643617884
